county,election_year,afd_local_vote_share,afd_local_ran,total_local_munis_cty,afd_local_ran_prop,total_local_eligible_voters_cty
1001,2013,,0,5,0,355292
1001,2017,,0,1,0,76827
1002,2013,,0,5,0,942618
1002,2017,0.0593658520171828,1,1,1,196334
1003,2013,,0,5,0,865214
1003,2017,0.0507299758907045,1,1,1,175725
1004,2013,,0,5,0,319899
1004,2017,,0,1,0,64839
1051,2017,,0,111,0,111539
1053,2017,,0,128,0,160400
1054,2017,0.0362087326943557,1,125,0.0462895518909155,137288
1055,2017,,0,36,0,173624
1056,2017,,0,49,0,255296
1057,2017,,0,85,0,108709
1058,2017,,0,162,0,227130
1059,2017,,0,125,0,166394
1060,2017,0.0490290019711251,2,94,0.363534475829858,223954
1061,2017,,0,106,0,109192
1062,2017,,0,54,0,198549
2000,2013,0.060857534509675,1,8,0.13098238375437,9920502
2000,2021,0.0530000177236179,1,1,1,1316691
3101,2013,,0,5,0,994647
3101,2017,0.0894342990945606,1,1,1,202232
3102,2013,,0,5,0,421741
3102,2017,,0,1,0,79203
3103,2013,,0,5,0,495212
3103,2017,0.105387826938473,1,1,1,100818
3151,2013,,0,205,0,642128
3151,2017,0.103154856556065,2,41,0.299013407538578,142308
3153,2013,,0,35,0,622760
3153,2017,0.101431315112708,4,7,0.696505846807547,114849
3154,2013,,0,115,0,398529
3154,2017,0.0862951705905866,1,23,0.280705839737121,77298
3155,2013,,0,55,0,601667
3155,2017,0.0631477388175876,6,11,0.709421423332185,113157
3157,2013,,0,35,0,513002
3157,2017,0.0840071005414407,4,7,0.441867162099396,107650
3158,2013,,0,160,0,493694
3158,2017,0.107542187184289,2,32,0.440016291013122,100669
3159,2013,,0,195,0,1362889
3159,2017,0.0893848555143854,2,39,0.0555732216007931,267305
3241,2013,,0,105,0,4317260
3241,2017,0.0925562376471086,16,21,0.885563609053688,908094
3251,2013,,0,225,0,828019
3251,2017,,0,45,0,177996
3252,2013,,0,40,0,635477
3252,2017,0.0715873820244197,4,8,0.620677043117812,123035
3254,2013,,0,100,0,1144902
3254,2017,0.0913104175270371,2,20,0.396776729905077,227657
3255,2013,,0,160,0,323697
3255,2017,,0,32,0,58867
3256,2013,,0,180,0,489041
3256,2017,,0,36,0,99224
3257,2013,,0,190,0,642242
3257,2017,,0,38,0,130614
3351,2013,,0,101,0,703542
3351,2017,0.101374237593345,6,21,0.666513664047353,145967
3352,2013,,0,145,0,808951
3352,2017,0.0865854423586193,5,29,0.562825615050651,165840
3353,2013,,0,210,0,908713
3353,2017,0.0947365265341503,5,42,0.598918272107215,208925
3354,2013,,0,135,0,207849
3354,2017,,0,27,0,41118
3355,2013,,0,215,0,646019
3355,2017,0.0895979241624155,2,43,0.418269526839782,146145
3356,2013,,0,55,0,430354
3356,2017,,0,11,0,93064
3357,2013,,0,285,0,624624
3357,2017,0.0684946551471665,1,57,0.134661727954302,134448
3358,2013,,0,111,0,540278
3358,2017,0.0832760625831732,5,23,0.599491800702049,114522
3359,2013,,0,200,0,747989
3359,2017,0.0958366064414768,1,40,0.198841500613074,165559
3360,2013,,0,135,0,391044
3360,2017,,0,27,0,78335
3361,2013,,0,54,0,509589
3361,2017,0.104678024833959,1,11,0.117429441439804,110015
3401,2013,,0,5,0,297147
3401,2017,0.151538212031238,1,1,1,62091
3402,2013,,0,5,0,201717
3402,2017,,0,1,0,41125
3403,2013,,0,5,0,609154
3403,2017,0.0476103664328686,1,1,1,133010
3404,2013,,0,5,0,619403
3404,2017,,0,1,0,131077
3405,2013,,0,5,0,346347
3405,2017,0.113315586461672,1,1,1,65323
3451,2013,,0,30,0,434874
3451,2017,,0,6,0,101073
3452,2013,,0,120,0,738084
3452,2017,0.0834692364714604,1,24,0.0244370089101094,159594
3453,2013,,0,65,0,551235
3453,2017,0.0734344100197759,1,13,0.0814976786442975,129881
3454,2013,,0,300,0,1144160
3454,2017,0.0617299399017747,4,60,0.164836765675556,260852
3455,2013,,0,40,0,398461
3455,2017,,0,8,0,83290
3456,2013,,0,125,0,500771
3456,2017,,0,25,0,111210
3457,2013,,0,95,0,626659
3457,2017,0.0735430634347602,1,19,0.0947117923197662,138251
3458,2013,,0,75,0,467201
3458,2017,0.0885791366906475,1,15,0.116906558490496,107479
3459,2013,,0,170,0,1335069
3459,2017,0.0431855119572789,1,34,0.025769422439125,290965
3460,2013,,0,50,0,462874
3460,2017,0.0534474170323726,5,10,0.593229573397744,110126
3461,2013,,0,45,0,365509
3461,2017,,0,9,0,73706
3462,2013,,0,95,0,224307
3462,2017,0.046473900181315,1,19,0.127280343491465,47745
4011,2013,0.0559473282949806,1,7,0.142162508853277,2840756
4011,2017,0.0564554540377739,1,1,1,394110
4012,2013,0.0496965977618997,1,7,0.134199980451569,624091
4012,2017,0.0907424606509123,1,1,1,81372
5111,2013,0.0299318836782814,1,5,0.210472065129187,2239119
5111,2021,0.0357808301837559,1,1,1,470511
5112,2013,0.0353949533735601,1,5,0.196115065991079,1863661
5112,2021,0.0928906557788045,1,1,1,360750
5113,2013,0.0375300479304107,1,5,0.196242507020044,2331182
5113,2021,0.0745793178738142,1,1,1,446384
5114,2013,0.0425262795952451,1,5,0.20389051248428,893764
5114,2021,0.054069725302602,1,1,1,180491
5116,2013,0.0144910973463464,1,5,0.203337504728067,1028433
5116,2021,0.0594391429600288,1,1,1,207117
5117,2013,0.0524445922655943,1,5,0.197225191486852,678245
5117,2021,0.0717596539910397,1,1,1,130571
5119,2013,,0,5,0,840857
5119,2021,0.0760527776065109,1,1,1,159449
5120,2013,,0,5,0,445024
5120,2021,0.00969769205764438,1,1,1,85783
5122,2013,0.0297319015267733,1,5,0.204205697730565,621300
5122,2021,0.0504588756673762,1,1,1,126301
5124,2013,0.024289207938911,1,5,0.197561839154818,1372674
5124,2021,0.0611095328923339,1,1,1,265748
5154,2013,,0,80,0,1178061
5154,2021,0.0373633908433242,7,16,0.572026329404567,264799
5158,2013,0.0376700285930785,4,50,0.0904526377369336,1962364
5158,2021,0.0529369723065968,7,10,0.75108575857158,397418
5162,2013,0.0350362840948691,3,40,0.120289611987029,1717056
5162,2021,0.032354721064624,7,8,0.921902670052852,364225
5166,2013,0.0457870991342519,1,45,0.0293170210993582,1164443
5166,2021,0.0342275389114118,4,9,0.564778112360639,247738
5170,2013,,0,65,0,1826426
5170,2021,0.0628744942138346,2,13,0.285211220673422,375129
5314,2013,0.0286650761767329,1,5,0.218637612198165,1120562
5314,2021,0.0323812898653437,1,1,1,249091
5315,2013,0.0359904667731548,1,5,0.218250027794639,3678767
5315,2021,0.0437939059552714,1,1,1,820526
5316,2013,,0,5,0,622886
5316,2021,0.0571372051235555,1,1,1,126846
5334,2013,0.0217754292146824,2,50,0.110827258338436,2077368
5334,2021,0.0573749471856831,4,10,0.726713293117066,436805
5358,2013,0.0552255913306242,1,75,0.0680846137015011,1019173
5358,2021,0.0704504699034377,2,15,0.340888722927558,214240
5362,2013,,0,50,0,1752663
5362,2021,0.0450182377833686,6,10,0.715911122327729,380388
5366,2013,,0,55,0,746261
5366,2021,0.0668473678012635,4,11,0.584414860681115,161500
5370,2013,,0,50,0,963857
5370,2021,0.0395814376706096,1,10,0.165652963544524,211436
5374,2013,,0,65,0,1086209
5374,2021,0.0612863594966,5,13,0.454262715787487,222499
5378,2013,0.0459506577524697,3,40,0.129154863957409,1101089
5378,2021,0.0398539491926922,6,8,0.878634889781455,232538
5382,2013,0.0344523406012999,3,95,0.0544557705659943,2223768
5382,2021,0.0319192492230968,3,19,0.253165902489181,489197
5512,2013,0.0177105638829408,1,5,0.200208081492899,469047
5512,2021,0.0700491892876662,1,1,1,92241
5513,2013,0.0498389557552128,1,5,0.191248397801524,1021253
5513,2021,0.128743251466228,1,1,1,188716
5515,2013,0.0260280162675102,1,5,0.224456772787329,1084583
5515,2021,0.022021665327701,1,1,1,247189
5554,2013,0.0280441035474593,1,85,0.0429679690413686,1375513
5554,2021,0.0225499600518164,5,17,0.580341756188389,302906
5558,2013,,0,55,0,836369
5558,2021,,0,11,0,183114
5562,2013,,0,50,0,2526500
5562,2021,0.0739244899129355,6,10,0.707643264613605,496267
5566,2013,,0,120,0,1680346
5566,2021,,0,24,0,363716
5570,2013,,0,65,0,1068810
5570,2021,0.0254910781226571,1,13,0.0469898968395469,225474
5711,2013,,0,5,0,1240501
5711,2021,0.0342541763461225,1,1,1,254778
5754,2013,,0,65,0,1332546
5754,2021,0.0382943843545158,4,13,0.530391643488137,294094
5758,2013,,0,45,0,1000260
5758,2021,0.0608108108108108,1,9,0.18102061560628,202662
5762,2013,,0,50,0,597172
5762,2021,0.0385923029565676,3,10,0.505863194988928,116063
5766,2013,,0,80,0,1410667
5766,2021,0.0501508862776875,5,16,0.629449826694699,281584
5770,2013,0.0417047184170472,1,55,0.0520314031655164,1261911
5770,2021,0.0536378885845551,10,11,0.916195183967088,253279
5774,2013,0.0354446935724963,1,50,0.104810194620501,1116275
5774,2021,0.0486737800198589,3,10,0.609504519557581,245378
5911,2013,0.0349378936875667,1,5,0.197168073773474,1497991
5911,2021,0.056356354909133,1,1,1,287203
5913,2013,0.0338257491401282,1,5,0.20349071382616,2244412
5913,2021,0.0548311426834828,1,1,1,451925
5914,2013,0.0373826176818583,1,5,0.193828671126225,777207
5914,2021,0.0931343674324236,1,1,1,147361
5915,2013,0.00635687678877048,1,5,0.203744207599629,674375
5915,2021,0.0466987120055913,1,1,1,136561
5916,2013,0.0416601070528967,1,5,0.193776913899226,632805
5916,2021,0.0844952193763692,1,1,1,119462
5954,2013,0.0486792855425408,2,45,0.0350123806875831,1373914
5954,2021,0.0468673664838373,3,9,0.462894998988863,267026
5958,2013,0.0441569875723816,1,60,0.0564096920339698,1090380
5958,2021,0.0417352537722908,1,12,0.280601910354568,215248
5962,2013,0.0566781209244246,2,75,0.0563491191981853,1702937
5962,2021,0.0466060598466666,3,15,0.441482086228588,328267
5966,2013,,0,35,0,535138
5966,2021,,0,7,0,109150
5970,2013,0.0482001220256254,1,55,0.0723586165005686,1132664
5970,2021,0.063930484313239,3,11,0.506859974241557,223616
5974,2013,0.0261297264063941,1,70,0.0329439315408703,1185408
5974,2021,0.047216308538828,3,14,0.421726549312756,248820
5978,2013,,0,50,0,1609425
5978,2021,0.0489078157555888,3,10,0.436215501826946,321575
6411,2013,,0,5,0,511405
6411,2017,0.0920807066707414,1,1,1,114875
6411,2021,0.0456705008895384,1,1,1,115119
6412,2013,,0,5,0,2117260
6412,2017,0.0892375932119267,1,1,1,502107
6412,2021,0.0453275155758522,1,1,1,512034
6413,2013,,0,5,0,387536
6413,2017,0.0900952525110551,1,1,1,89524
6413,2021,0.0730553132088641,1,1,1,94827
6414,2013,,0,5,0,985199
6414,2017,0.128444100201496,1,1,1,207552
6414,2021,0.0651610701997056,1,1,1,209338
6431,2013,,0,110,0,998873
6431,2017,0.132999423078983,1,22,0.150240890372423,211507
6431,2021,0.0427149972175417,1,22,0.150588930637058,213183
6432,2013,,0,115,0,1057006
6432,2017,,0,23,0,229732
6432,2021,,0,23,0,231843
6433,2013,,0,70,0,890211
6433,2017,,0,14,0,196617
6433,2021,0.0239225241099346,3,14,0.409402517435443,202031
6434,2013,,0,65,0,840309
6434,2017,0.0756862793634237,2,13,0.417906665014587,177554
6434,2021,0.0366686330322927,5,13,0.589131804577267,177748
6435,2013,,0,145,0,1497343
6435,2017,,0,29,0,319237
6435,2021,0.061949319131684,2,29,0.117056070432724,323486
6436,2013,,0,60,0,827801
6436,2017,0.100189734698551,1,12,0.0963978805823946,179672
6436,2021,,0,12,0,180865
6437,2013,,0,60,0,368229
6437,2017,,0,12,0,76372
6437,2021,0.0501524720766638,2,12,0.167102779405064,76815
6438,2013,,0,65,0,1211695
6438,2017,0.103877724196631,5,13,0.494131859225788,261582
6438,2021,0.0544535988113641,6,13,0.536768717337076,265783
6439,2013,,0,85,0,688865
6439,2017,,0,17,0,145585
6439,2021,0.0546112862810681,5,17,0.474585372485046,147120
6440,2013,,0,125,0,1086440
6440,2017,,0,25,0,235167
6440,2021,0.0412565220968277,3,25,0.255331308715313,239716
6531,2013,,0,90,0,947531
6531,2017,0.129276927638267,1,18,0.304297050602975,204652
6531,2021,0.0512663742150746,2,18,0.35615668415288,208164
6532,2013,,0,115,0,974655
6532,2017,,0,23,0,196359
6532,2021,0.060907444615646,5,23,0.470865283760527,196398
6533,2013,,0,95,0,654198
6533,2017,,0,19,0,133829
6533,2021,0.0324241785195435,3,19,0.304634483168258,134686
6534,2013,,0,110,0,922651
6534,2017,,0,22,0,188447
6534,2021,0.018468566231565,1,22,0.307486134331131,188415
6535,2013,,0,95,0,455673
6535,2017,,0,19,0,86880
6535,2021,0.0390705767096056,3,19,0.154959685851709,86074
6611,2013,,0,5,0,719830
6611,2017,0.109723287667309,1,1,1,150033
6611,2021,0.055820176113517,1,1,1,147462
6631,2013,,0,115,0,816612
6631,2017,,0,23,0,172884
6631,2021,0.0632648470777721,4,23,0.440228333485861,174832
6632,2013,,0,100,0,507677
6632,2017,,0,20,0,97079
6632,2021,,0,20,0,96516
6633,2013,,0,140,0,955684
6633,2017,0.0937685070879891,2,28,0.0530230038904021,192011
6633,2021,0.0382889895804612,3,28,0.147307294401439,192353
6634,2013,,0,135,0,743909
6634,2017,,0,27,0,146002
6634,2021,,0,27,0,145323
6635,2013,,0,110,0,648028
6635,2017,0.0982645271146495,1,22,0.043185255420686,127613
6635,2021,0.0501804960372742,2,22,0.0778142804996112,126018
6636,2013,,0,80,0,449295
6636,2017,,0,16,0,83227
6636,2021,,0,16,0,81888
7111,2013,0.0416492821205056,1,5,0.206078838567744,421824
7111,2017,0.0664706843050792,1,1,1,86471
7131,2013,,0,370,0,494468
7131,2017,0.0261299987376076,2,74,0.348225138055452,104487
7132,2013,,0,590,0,512083
7132,2017,,0,118,0,102207
7133,2013,0.0470350156374563,1,590,0.0607344212423326,604830
7133,2017,0.0887693342299933,1,118,0.303127885966673,124525
7134,2013,,0,480,0,347975
7134,2017,,0,96,0,65263
7135,2013,,0,445,0,254075
7135,2017,,0,89,0,50348
7137,2013,,0,435,0,816377
7137,2017,0.0686988520988091,2,87,0.227175373637916,170419
7138,2013,0.0682114275079099,1,310,0.0717549412389288,689402
7138,2017,0.102732240437158,1,62,0.344641963826474,141927
7140,2013,,0,685,0,409567
7140,2017,,0,137,0,82784
7141,2013,,0,685,0,493684
7141,2017,,0,137,0,97755
7143,2013,,0,960,0,762070
7143,2017,0.0463166734743517,2,192,0.06437092901519,159513
7211,2013,0.0393399712584685,1,5,0.211961492899879,400134
7211,2017,0.0634862622006278,1,1,1,85355
7231,2013,,0,535,0,444471
7231,2017,0.0206112295664534,1,107,0.157457526014626,90526
7232,2013,,0,1170,0,376217
7232,2017,0.0155861382855248,1,233,0.141763084699696,78737
7233,2013,,0,545,0,247905
7233,2017,,0,109,0,49747
7235,2013,,0,520,0,552446
7235,2017,0.0404028293969548,1,104,0.120101581361157,119707
7311,2013,,0,5,0,178371
7311,2017,0.0964812712826334,1,1,1,36863
7312,2013,,0,5,0,381206
7312,2017,0.107216658718805,1,1,1,76226
7313,2013,0.037725709372313,1,5,0.219185793921296,163423
7313,2017,0.0676760227322025,1,1,1,37428
7314,2013,0.0796889977633401,1,5,0.207962088299338,570378
7314,2017,0.134619237564432,1,1,1,121321
7315,2013,0.0301367386728989,1,5,0.222020311665284,703832
7315,2017,0.053045366012011,1,1,1,162321
7316,2013,,0,5,0,210152
7316,2017,,0,1,0,42472
7317,2013,,0,5,0,178257
7317,2017,0.125463994060876,1,1,1,32026
7318,2013,,0,5,0,186699
7318,2017,0.0866465199735575,1,1,1,37800
7319,2013,,0,5,0,304122
7319,2017,0.107584655754092,1,1,1,64121
7320,2013,0.0510698247776702,1,5,0.196526527890317,139457
7320,2017,0.0914828897338403,1,1,1,26942
7331,2013,,0,345,0,467291
7331,2017,,0,69,0,101675
7332,2013,,0,240,0,523127
7332,2017,0.158684083212385,1,48,0.15412110436569,108551
7333,2013,,0,405,0,293746
7333,2017,,0,81,0,59314
7334,2013,,0,155,0,456068
7334,2017,0.16221008115732,2,31,0.20655000351395,99603
7335,2013,,0,250,0,413839
7335,2017,0.0769230769230769,1,50,0.00920889913433947,83289
7336,2013,,0,490,0,304402
7336,2017,,0,98,0,57273
7337,2013,,0,375,0,427061
7337,2017,0.0887115729047149,2,75,0.131533975016263,90699
7338,2013,0.0816712951274931,1,125,0.0268955940082555,573923
7338,2017,0.0996755952821781,2,25,0.197691103574224,122656
7339,2013,,0,320,0,757777
7339,2017,,0,64,0,166355
7340,2013,,0,420,0,409058
7340,2017,,0,84,0,79533
8111,2013,0.0474445960133412,1,5,0.220685156083755,2001938
8111,2017,0.0609129094097103,1,1,1,452227
8115,2013,,0,130,0,1309719
8115,2017,0.0289399454414684,4,26,0.413586416937237,298136
8116,2013,,0,220,0,1843010
8116,2017,,0,44,0,411065
8117,2013,,0,190,0,926625
8117,2017,0.0962717591942293,2,38,0.273398262437095,199705
8118,2013,0.0517929681164653,2,195,0.0154656511175288,1828633
8118,2017,,0,39,0,415290
8119,2013,0.0529668848252919,1,155,0.0227951569547045,1512602
8119,2017,0.0812198748203506,3,31,0.31988227523279,342154
8121,2013,0.0412920079203423,1,5,0.211900612192387,411962
8121,2017,0.0966806881657147,1,1,1,89752
8125,2013,,0,230,0,1159677
8125,2017,0.0382405133976368,2,46,0.0609619223381417,265510
8126,2013,,0,80,0,402921
8126,2017,0.0511163006985503,1,16,0.215528930579945,89974
8127,2013,,0,150,0,694370
8127,2017,,0,30,0,156776
8128,2013,,0,90,0,520221
8128,2017,,0,18,0,108547
8135,2013,,0,55,0,497224
8135,2017,0.0118455039752275,2,11,0.410142042191508,104476
8136,2013,,0,210,0,1159449
8136,2017,0.0586338505439629,1,42,0.211119314351748,249224
8211,2013,,0,5,0,205317
8211,2017,0.062836952213276,1,1,1,43066
8212,2013,0.0556308271893597,1,5,0.217910038398245,1050048
8212,2017,0.0712100888919563,1,1,1,234850
8215,2013,0.0294084748819255,1,160,0.0212726848101083,1588563
8215,2017,0.0370249662565371,7,32,0.30280029623156,352427
8216,2013,,0,115,0,844131
8216,2017,0.0811763546220541,5,23,0.546313205481828,184537
8221,2013,0.0383874955508012,1,5,0.216747204113377,494387
8221,2017,0.0502744768908166,1,1,1,108971
8222,2013,0.078271024918204,1,5,0.215004645687654,1080572
8222,2017,0.0919973520541237,1,1,1,238496
8225,2013,,0,135,0,552226
8225,2017,0.0397769706710694,4,27,0.394440824445283,116636
8226,2013,,0,270,0,1977814
8226,2017,0.0341355731438109,1,54,0.028080542533763,429835
8231,2013,0.108407982621916,1,5,0.212536223443075,420653
8231,2017,0.148836283616787,1,1,1,92106
8235,2013,,0,125,0,563812
8235,2017,0.0574032935823655,2,25,0.211796684325233,122509
8236,2013,,0,140,0,716083
8236,2017,0.0603809997849325,4,28,0.215445817574661,158114
8237,2013,,0,80,0,436653
8237,2017,,0,16,0,93848
8311,2013,,0,5,0,743521
8311,2017,0.0361370033499595,1,1,1,170964
8315,2013,,0,250,0,918163
8315,2017,0.0657204015187552,2,50,0.0793586039412934,208358
8316,2013,,0,120,0,587567
8316,2017,,0,24,0,131861
8317,2013,0.0277572697611279,1,255,0.0297646422421861,1554697
8317,2017,0.0616110123907588,7,51,0.433088831264729,346691
8325,2013,,0,105,0,522835
8325,2017,0.0355090888308675,5,21,0.424183006535948,111690
8326,2013,0.056019479895654,1,100,0.0822214659375395,775722
8326,2017,0.066179296641763,1,20,0.393544884169884,165760
8327,2013,,0,175,0,484444
8327,2017,0.0266757563807698,2,35,0.357756292032266,107358
8335,2013,,0,125,0,1000991
8335,2017,0.0719836306786831,1,25,0.0435268005475738,225723
8336,2013,,0,175,0,813998
8336,2017,0.0317612800576386,1,35,0.214008242129442,177624
8337,2013,0.0368450579118991,1,160,0.0296927255289994,607893
8337,2017,0.0450924209864725,2,32,0.0931415275240831,131939
8415,2013,,0,130,0,1015431
8415,2017,0.0739131743501556,1,26,0.390091314808024,223622
8416,2013,,0,75,0,752385
8416,2017,0.00918502188919406,1,15,0.391237298881102,175083
8417,2013,,0,125,0,713068
8417,2017,0.0837483894832588,3,25,0.201325104613522,151988
8421,2013,,0,5,0,410890
8421,2017,0.0171301543957271,1,1,1,93162
8425,2013,,0,275,0,682046
8425,2017,,0,55,0,153853
8426,2013,,0,225,0,685933
8426,2017,,0,45,0,157800
8435,2013,,0,115,0,754393
8435,2017,,0,23,0,172326
8436,2013,0.0196653285823824,1,195,0.0191467822698804,993744
8436,2017,,0,39,0,224963
8437,2013,,0,125,0,479936
8437,2017,,0,25,0,103889
9161,2013,,0,5,0,426810
9161,2021,0.0762311871048179,1,1,1,101101
9162,2013,0.024947375235221,1,5,0.231367722044854,4699895
9162,2021,0.0385925832554132,1,1,1,1110571
9163,2013,,0,5,0,211308
9163,2021,0.0618705706825811,1,1,1,46511
9171,2013,,0,120,0,407343
9171,2021,0.0425406657687206,2,24,0.280745677842812,88671
9172,2013,,0,75,0,383380
9172,2021,0.0219201996821679,5,15,0.514672474765217,85398
9173,2013,,0,105,0,437109
9173,2021,0.0125660350358008,2,21,0.180838134010534,101201
9174,2013,,0,85,0,480035
9174,2021,0.0433480217883791,2,17,0.333916497633536,118320
9175,2013,,0,105,0,444076
9175,2021,0.0227234330123332,1,21,0.171451659766107,110136
9176,2013,,0,150,0,438235
9176,2021,,0,30,0,103500
9177,2013,,0,130,0,427314
9177,2021,0.0647093077569415,6,26,0.547042279496519,108445
9178,2013,,0,120,0,546744
9178,2021,0.0430375098956131,3,24,0.478586929243124,135478
9179,2013,,0,115,0,740234
9179,2021,,0,23,0,168728
9180,2013,,0,110,0,329366
9180,2021,0.0442282176028306,1,22,0.303659001936204,70757
9181,2013,,0,155,0,393636
9181,2021,,0,31,0,93185
9182,2013,,0,85,0,350493
9182,2021,,0,17,0,79815
9183,2013,,0,155,0,406758
9183,2021,0.0887977188210184,2,31,0.380801812982248,92665
9184,2013,,0,145,0,1123143
9184,2021,0.0509350393700787,1,29,0.0819517030095513,266352
9185,2013,,0,90,0,333511
9185,2021,0.0483161294901106,2,18,0.346921482485758,76709
9186,2013,,0,95,0,414509
9186,2021,0.0551281191183739,2,19,0.130107451925471,100417
9187,2013,,0,230,0,882143
9187,2021,0.056147309186442,4,46,0.223930465215782,208011
9188,2013,,0,70,0,472392
9188,2021,0.00613839285714286,1,14,0.0568487652863686,105895
9189,2013,,0,175,0,635425
9189,2021,0.0554031815688426,1,35,0.115777945197835,143352
9190,2013,,0,170,0,472128
9190,2021,0.0438710470183707,3,34,0.284461795041415,107329
9261,2013,,0,5,0,237106
9261,2021,0.0578775637041641,1,1,1,55579
9262,2013,,0,5,0,199091
9262,2021,0.0371141172389872,1,1,1,42395
9263,2013,,0,5,0,171208
9263,2021,0.0640114684617302,1,1,1,37431
9271,2013,,0,130,0,436986
9271,2021,0.0768090216055302,2,26,0.373835560955853,96291
9272,2013,,0,125,0,314868
9272,2021,,0,25,0,65652
9273,2013,,0,120,0,404895
9273,2021,,0,24,0,94981
9274,2013,,0,175,0,532834
9274,2021,,0,35,0,125961
9275,2013,,0,190,0,712544
9275,2021,0.0526383859286084,1,38,0.086123138994853,159121
9276,2013,,0,120,0,314899
9276,2021,,0,24,0,64103
9277,2013,,0,155,0,448976
9277,2021,0.0479892761394102,1,31,0.0816658367293015,98401
9278,2013,,0,185,0,357482
9278,2021,,0,37,0,81708
9279,2013,,0,75,0,338066
9279,2021,0.0447158960499565,4,15,0.396516300766259,77389
9361,2013,,0,5,0,168306
9361,2021,,0,1,0,33956
9362,2013,,0,5,0,497094
9362,2021,0.0444568830992605,1,1,1,115502
9363,2013,,0,5,0,168942
9363,2021,0.0623040297294159,1,1,1,34213
9371,2013,,0,135,0,402833
9371,2021,,0,27,0,84134
9372,2013,,0,195,0,499098
9372,2021,0.0126192803134703,2,39,0.0414094724048501,104493
9373,2013,,0,95,0,464582
9373,2021,0.0364333652924257,1,19,0.0404664711857261,104358
9374,2013,,0,190,0,378412
9374,2021,0.059950654563182,2,38,0.0663419310541384,77191
9375,2013,,0,205,0,667438
9375,2021,,0,41,0,154747
9376,2013,,0,165,0,557270
9376,2021,0.0657233937980264,3,33,0.309795627134193,117726
9377,2013,,0,130,0,308420
9377,2021,,0,26,0,59216
9461,2013,,0,5,0,272187
9461,2021,0.0484090549311382,1,1,1,58367
9462,2013,,0,5,0,286818
9462,2021,0.0391722610561285,1,1,1,58945
9463,2013,,0,5,0,166740
9463,2021,0.0335752640585354,1,1,1,32268
9464,2013,,0,5,0,190003
9464,2021,0.048504106960849,1,1,1,34778
9471,2013,,0,180,0,533997
9471,2021,0.0692180486652492,1,36,0.0486573233850911,119016
9472,2013,,0,165,0,417357
9472,2021,0.023728813559322,1,33,0.0490475019611976,85407
9473,2013,,0,85,0,349197
9473,2021,0.0751401524634771,2,17,0.27143916801647,66059
9474,2013,0.0154170723790977,1,145,0.0567284104241476,421905
9474,2021,0.0196021278146178,1,29,0.264848199374813,93412
9475,2013,,0,135,0,420769
9475,2021,0.0736355672516311,2,27,0.18467179395457,78274
9476,2013,,0,90,0,297111
9476,2021,0.113367868150996,4,18,0.479092981920681,55699
9477,2013,,0,110,0,305361
9477,2021,0.0539545810493344,1,22,0.359791551467015,59679
9478,2013,,0,55,0,272801
9478,2021,0.0352803814185634,3,11,0.530330581517984,54994
9479,2013,,0,85,0,335074
9479,2021,0.0414811873953248,2,17,0.352573865367042,59094
9561,2013,,0,5,0,153517
9561,2021,0.0633581055548558,1,1,1,32551
9562,2013,,0,5,0,383174
9562,2021,0.0366894379535636,1,1,1,83064
9563,2013,,0,5,0,415417
9563,2021,0.0588825337203346,1,1,1,98567
9564,2013,,0,5,0,1815531
9564,2021,0.056860970513637,1,1,1,389547
9565,2013,,0,5,0,146194
9565,2021,,0,1,0,32531
9571,2013,,0,290,0,673796
9571,2021,,0,58,0,148083
9572,2013,,0,125,0,479716
9572,2021,0.0423899136636365,2,25,0.267518613383275,108927
9573,2013,,0,70,0,428219
9573,2021,0.0433698201469956,4,14,0.504955432275759,96258
9574,2013,,0,135,0,632305
9574,2021,0.0372504747428971,2,27,0.106899738857428,136324
9575,2013,,0,190,0,371134
9575,2021,,0,38,0,81086
9576,2013,,0,80,0,461170
9576,2021,,0,16,0,102196
9577,2013,,0,135,0,357171
9577,2021,,0,27,0,75309
9661,2013,,0,5,0,249247
9661,2021,0.0536287732819525,1,1,1,53901
9662,2013,,0,5,0,203862
9662,2021,0.0835130252345708,1,1,1,39206
9663,2013,,0,5,0,493240
9663,2021,0.0383058876186569,1,1,1,102743
9671,2013,,0,160,0,661265
9671,2021,0.0553039825894558,4,32,0.1794047936373,138809
9672,2013,,0,130,0,420073
9672,2021,0.058242108619407,1,26,0.215892687392177,85209
9673,2013,,0,185,0,320436
9673,2021,,0,37,0,64429
9674,2013,,0,130,0,334032
9674,2021,,0,26,0,69238
9675,2013,,0,155,0,333659
9675,2021,0.0444849115504683,1,31,0.228683655872773,73066
9676,2013,,0,160,0,468912
9676,2021,,0,32,0,99975
9677,2013,,0,200,0,501069
9677,2021,,0,40,0,102794
9678,2013,,0,145,0,442223
9678,2021,,0,29,0,93088
9679,2013,,0,260,0,600483
9679,2021,,0,52,0,130841
9761,2013,0.0585444193006789,1,5,0.216140613108113,947337
9761,2021,0.0658878800008427,1,1,1,214110
9762,2013,,0,5,0,159938
9762,2021,0.0356870713741427,1,1,1,34068
9763,2013,,0,5,0,238998
9763,2021,0.0681323562069731,1,1,1,52821
9764,2013,,0,5,0,149413
9764,2021,0.0535334938393995,1,1,1,32235
9771,2013,,0,120,0,457239.31164472
9771,2021,,0,24,0,106257
9772,2013,,0,230,0,864555.68835528
9772,2021,0.0628802749560185,4,46,0.261066266757921,198712
9773,2013,,0,135,0,344477
9773,2021,0.0283095173901321,1,27,0.196417729204614,75762
9774,2013,,0,170,0,435084
9774,2021,,0,34,0,96729
9775,2013,,0,85,0,587692
9775,2021,,0,17,0,134658
9776,2013,,0,95,0,289968
9776,2021,0.019115292233787,1,19,0.30601000644587,65158
9777,2013,,0,225,0,490679
9777,2021,0.0413732394366197,1,45,0.0906145090928675,111406
9778,2013,,0,260,0,501230
9778,2021,0.0240174672489083,1,52,0.0996096460791117,115280
9779,2013,,0,220,0,483393
9779,2021,,0,44,0,106594
9780,2013,,0,140,0,558874
9780,2021,,0,28,0,125893
10041,2013,0.0515844071063119,5,50,0.157386442571732,1353236
10041,2017,0.0751870999516153,9,10,0.963875447004537,258107
10042,2013,0.0513553233180928,1,35,0.0580617695604401,420466
10042,2017,0.0640536329026021,4,7,0.646994740356344,85367
10043,2013,0.0895845875978326,1,35,0.0253731060899239,581403
10043,2017,0.0879901219342923,4,7,0.701513670536864,109469
10044,2013,0.0405738725082835,2,65,0.0539402560455192,826025
10044,2017,0.07829599402583,2,13,0.276858162934112,160212
10045,2013,0.0470217350226751,2,35,0.0847634407721843,610735
10045,2017,0.0933806581910579,4,7,0.726431305827308,117550
10046,2013,,0,40,0,379613
10046,2017,0.0611421268581422,1,8,0.292958594455543,73082
11000,2013,,0,6,0,14731551
11000,2017,0.141570687800466,1,1,1,2485379
11000,2021,0.0799884062044373,1,1,1,2447600
12051,2013,0.0580712594915306,1,5,0.188187210317931,328593
12051,2017,0.141576616474756,1,1,1,60651
12052,2013,0.0719679598887156,1,5,0.186550914488844,457414
12052,2017,0.222900957891739,1,1,1,81387
12053,2013,0.116490998813597,1,5,0.179385725764794,278768
12053,2017,0.187652339337733,1,1,1,48215
12054,2013,0.0451547304203062,1,5,0.218526773990231,609248
12054,2017,0.094758656954175,1,1,1,141443
12060,2013,,0,125,0,691440
12060,2017,0.138266609712122,6,25,0.791441567708068,156968
12061,2013,0.0513930740308301,4,185,0.0748294709501715,634496
12061,2017,0.134856323844969,12,37,0.702619284782334,142558
12062,2013,0.0632625456989991,4,165,0.0407489331103156,511768
12062,2017,0.148820507518017,11,33,0.645364597451884,88536
12063,2013,0.0951449308248963,2,130,0.070278955515176,594360
12063,2017,0.132708696338427,6,26,0.701130396732789,137120
12064,2013,0.0718975953755368,5,225,0.0376932533522832,755679
12064,2017,0.145626163790015,15,45,0.823719653738273,165424
12065,2013,,0,95,0,778850
12065,2017,0.145575062911326,11,19,0.830062078543581,179289
12066,2013,0.0926829268292683,1,125,0.00400867660506561,564276
12066,2017,0.178572493244617,9,25,0.807289493449053,95864
12067,2013,0.0752894145635816,4,185,0.0804158532993826,767386
12067,2017,0.178466027260355,6,37,0.444392190674008,153099
12068,2013,0.0470128742948069,1,115,0.011792175353177,441988
12068,2017,0.112193247005856,3,23,0.357504946322161,85417
12069,2013,0.0398317524825125,5,188,0.0774270931936358,771190
12069,2017,0.0894224455128453,9,38,0.614197547978552,180341
12070,2013,0.0321173671689136,1,130,0.00922657338196047,376196
12070,2017,0.108425043309753,6,26,0.541728684618045,66513
12071,2013,0.0828220858895705,1,144,0.00535241814605527,559747
12071,2017,0.238749281060854,11,29,0.742909864013799,99716
12072,2013,0.0688531159376426,5,80,0.0931589377230552,641377
12072,2017,0.140362496909282,10,16,0.867768247266504,142583
12073,2013,0.0460548405148293,1,163,0.0245014890022814,574210
12073,2017,0.11861468393322,6,33,0.575023254475887,104281
13003,2013,0.0442992621731546,1,5,0.201171893115186,862536
13003,2017,0.0964760037507459,1,1,1,173650
13004,2013,0.0586691039203485,1,5,0.190816316711253,415672
13004,2017,0.151118841103482,1,1,1,78449
13071,2013,,0,740,0,1216487
13071,2017,0.14452029361849,23,148,0.651596237134586,221427
13072,2013,,0,560,0,900898
13072,2017,0.106399369155269,10,112,0.256833994658108,181958
13073,2013,,0,505,0,1019154
13073,2017,0.121620703809263,11,101,0.522758699562293,192366
13074,2013,,0,415,0,661908
13074,2017,0.109882444406615,5,83,0.320958600388949,132151
13075,2013,,0,690,0,1076750
13075,2017,0.121928736770751,16,138,0.478099539408892,201046
13076,2013,,0,710,0,937829
13076,2017,0.139039208222694,4,142,0.186600550964187,181500
14511,2013,0.0564286442845598,1,5,0.188269116642592,1071684
14511,2017,0.178986991260204,1,1,1,196515
14521,2013,0.101938123794567,3,295,0.0071621082508291,1641835
14521,2017,0.15811194479716,27,59,0.686746008749302,282994
14522,2013,0.0798489139293486,2,265,0.0300230334148591,1432267
14522,2017,0.200532648074305,26,53,0.668160585036861,253249
14523,2013,0.0659638868594093,1,185,0.00630368244158545,1092536
14523,2017,0.182418012425222,11,37,0.605042984743296,190998
14524,2013,0.0837878406247736,2,165,0.0649071657722857,1510542
14524,2017,0.179317473048364,18,33,0.826435272186625,265002
14612,2013,0.0698127031411118,1,5,0.21517741714778,2024297
14612,2017,0.170969548134768,1,1,1,436179
14625,2013,,0,285,0,1405584
14625,2017,0.21886465308032,29,57,0.792171340025386,249749
14626,2013,,0,265,0,1243153
14626,2017,0.246464963948659,23,53,0.750495318479243,213499
14627,2013,,0,140,0,1077457
14627,2017,0.212788546155965,21,28,0.885694780797481,200682
14628,2013,0.0918405271980917,2,180,0.0410276785028233,1067182
14628,2017,0.227621398050975,20,36,0.875821547523745,202362
14713,2013,0.063804751335162,1,5,0.214035670823919,2062801.01957033
14713,2017,0.149193266745827,1,1,1,466442
14729,2013,0.112628703509141,1,150,0.0061964432327383,1129518.94128901
14729,2017,0.169917901577741,22,30,0.844498165899736,214274
14730,2013,,0,150,0,889399.039140662
14730,2017,0.187158523091605,12,30,0.587659647070294,164112
15001,2013,0.0594120048999592,1,5,0.177786301691155,409306
15001,2017,0.167545692150599,1,1,1,68645
15002,2013,0.0457550551814235,1,5,0.188177455407968,1032079
15002,2017,0.139872669741908,1,1,1,191030
15003,2013,0.0481536094663751,1,5,0.196592759314242,1002336
15003,2017,0.143811606795098,1,1,1,193826
15081,2013,0.0359593967040644,1,65,0.051068354868335,393081
15081,2017,0.130125617865109,4,13,0.752575299518531,71448
15082,2013,0.0650833841898198,6,50,0.104956174311642,807175
15082,2017,0.161416761237041,9,10,0.911696303982253,139745
15083,2013,0.0220689655172414,1,169,0.0220897830997287,765467
15083,2017,0.133402346855461,10,34,0.628401081789871,146424
15084,2013,0.0240024360093853,5,164,0.0817806644135129,861903
15084,2017,0.166782135058312,7,33,0.559364854874482,155555
15085,2013,0.0270733805025659,2,98,0.024568661677993,1018574
15085,2017,0.118297706227426,9,20,0.807619006600411,185746
15086,2013,,0,39,0,416882
15086,2017,0.135882359587609,5,8,0.606055142750441,77653
15087,2013,,0,110,0,701213
15087,2017,0.165555518127357,8,22,0.698920553406423,118394
15088,2013,0.0350424197713021,1,100,0.00927876292601417,847419
15088,2017,0.153662942825075,16,20,0.977782124738131,158476
15089,2013,0.0322951727663926,1,105,0.024832298136646,966000
15089,2017,0.166470349625067,5,21,0.505446543633136,164508
15090,2013,,0,125,0,537841
15090,2017,0.1497366998734,5,25,0.637901914503016,95325
15091,2013,0.0289006108307867,2,45,0.0819708922522499,619354
15091,2017,0.152271931829303,9,9,1,109585
16051,2013,0.0446202917748767,1,5,0.203525119700814,829986
16051,2017,0.14855374893937,1,1,1,172389
16052,2013,,0,5,0,447781
16052,2017,0.28753164556962,1,1,1,78537
16053,2013,,0,5,0,412073
16053,2017,0.100169975305474,1,1,1,84990
16054,2013,,0,5,0,195139
16054,2017,0.120771139380095,1,1,1,31916
16055,2013,,0,5,0,252223
16055,2017,0.110482332039218,1,1,1,51736
16061,2013,,0,340,0,432758
16061,2017,0.110778776305883,6,68,0.502295355631074,83865
16062,2013,,0,75,0,387007
16062,2017,0.191728936206752,2,15,0.619590523627436,70871
16063,2013,,0,159,0,726246
16063,2017,0.108629942294015,5,32,0.500381729823377,136222
16064,2013,,0,149,0,460140
16064,2017,0.150511952940136,1,30,0.349725008087997,86548
16065,2013,,0,139,0,364433
16065,2017,0.112397018600935,2,28,0.389377505671753,64354
16066,2013,,0,195,0,586220
16066,2017,0.108874835554959,3,39,0.452259386937483,107330
16067,2013,,0,150,0,588484
16067,2017,0.168951094272187,4,29,0.535424912254499,107128
16068,2013,,0,190,0,316161
16068,2017,0.142008814194704,3,38,0.463674671269737,59091
16069,2013,,0,159,0,284889
16069,2017,0.209810523536014,1,32,0.18034639251644,53985
16070,2013,,0,80,0,469692
16070,2017,0.152074064204661,2,16,0.612018148286435,88383
16071,2013,,0,195,0,351286
16071,2017,0.184629408877358,1,39,0.268757194690137,68627
16072,2013,,0,40,0,283105
16072,2017,0.220646424444525,3,7,0.735177587621615,42655
16073,2013,,0,130,0,505289
16073,2017,0.192173119093642,3,26,0.538911650733376,90063
16074,2013,0.135529764133283,1,455,0.00395623079102818,367016
16074,2017,0.185680566483084,1,90,0.0192911298066587,69773
16075,2013,,0,295,0,385183
16075,2017,0.137669568124234,2,59,0.192195022913162,68956
16076,2013,,0,225,0,484588
16076,2017,0.115286878141711,4,45,0.451374655452682,84894
16077,2013,,0,150,0,453297
16077,2017,0.224334316688624,2,30,0.136128957499131,77669
